variant_id,model_label,family_label,alpha_positive_fraction,fixed055_margin,best_margin,median_margin
CREBBP:R1340P,ESM-1v,esm1v,0.0,-0.21184915560816237,-0.01446057758575603,-0.2337812198328743
CREBBP:R1340P,ESM2-150M,esm2,0.19047619047619047,-0.3146849213323898,0.14200055939485134,-0.367380311061666
CREBBP:R1340P,ESM2-650M,esm2,0.47619047619047616,0.062360705256325366,0.780752371873174,-0.01112875463723001
CREBBP:R1340P,ProtT5,prottrans,0.5714285714285714,0.0441371122272155,0.21564919162874124,0.026876517938221323
CREBBP:S1686F,ESM-1v,esm1v,0.0,-0.6226325589393369,-0.4921417788586461,-0.6345282485646034
CREBBP:S1686F,ESM2-150M,esm2,0.14285714285714285,-0.34969493009582076,0.08928380763121614,-0.40042290393618546
CREBBP:S1686F,ESM2-650M,esm2,0.0,-0.36695936082685554,-0.036174132981891746,-0.39738143863464587
CREBBP:S1686F,ProtT5,prottrans,0.0,-0.26142640205707524,-0.23484490213580095,-0.2625835986260414
GRIN2A:P78R,ESM-1v,esm1v,0.0,-0.6613310022165069,-0.5850198746864287,-0.682241802214867
GRIN2A:P78R,ESM2-150M,esm2,0.47619047619047616,0.007178416548657973,0.8136604577976783,-0.08438325768303823
GRIN2A:P78R,ESM2-650M,esm2,0.0,-0.1566667904889521,-0.04266893508647158,-0.16300138246979984
GRIN2A:P78R,ProtT5,prottrans,0.0,-0.27449877302312736,-0.13885499894244657,-0.28777400005424986
TSC2:G293R,ESM-1v,esm1v,0.047619047619047616,-0.24868841096518812,0.011518269371628032,-0.2776002643359456
TSC2:G293R,ESM2-150M,esm2,0.38095238095238093,-0.12727356644850557,0.5442390190193067,-0.20383863448228973
TSC2:G293R,ESM2-650M,esm2,0.23809523809523808,-0.2575855963586721,0.23315490708906061,-0.30578048256677015
TSC2:G293R,ProtT5,prottrans,1.0,0.5532536983245461,0.7634563780558895,0.53169414844335
TSC2:N1563K,ESM-1v,esm1v,0.0,-0.42892057222957236,-0.30039255346206106,-0.4432014632037404
TSC2:N1563K,ESM2-150M,esm2,0.47619047619047616,0.06980916476841359,0.9153473152347038,-0.026092077154090454
TSC2:N1563K,ESM2-650M,esm2,0.5238095238095238,0.11520180816630365,0.9108643774528267,0.03312669242056232
TSC2:N1563K,ProtT5,prottrans,0.0,-0.2578510240988864,-0.2365436219441105,-0.2584222098049084
