variant_id,gene,model_label,family_label,alpha_positive_fraction,fixed055_margin,best_margin,median_margin,transfer_positive,near_transfer_positive
CREBBP:R1340P,CREBBP,ProtT5,prottrans,0.5714285714285714,0.0441371122272155,0.2156491916287412,0.0268765179382213,True,True
TSC2:N1563K,TSC2,ESM2-650M,esm2,0.5238095238095238,0.1152018081663036,0.9108643774528268,0.0331266924205623,True,True
TSC2:G293R,TSC2,ProtT5,prottrans,1.0,0.5532536983245461,0.7634563780558895,0.53169414844335,True,True
CREBBP:R1340P,CREBBP,ESM2-150M,esm2,0.1904761904761904,-0.3146849213323898,0.1420005593948513,-0.367380311061666,False,True
CREBBP:S1686F,CREBBP,ESM2-150M,esm2,0.1428571428571428,-0.3496949300958207,0.0892838076312161,-0.4004229039361854,False,True
CREBBP:R1340P,CREBBP,ESM2-650M,esm2,0.4761904761904761,0.0623607052563253,0.780752371873174,-0.01112875463723,False,True
GRIN2A:P78R,GRIN2A,ESM2-150M,esm2,0.4761904761904761,0.0071784165486579,0.8136604577976783,-0.0843832576830382,False,True
TSC2:G293R,TSC2,ESM-1v,esm1v,0.0476190476190476,-0.2486884109651881,0.011518269371628,-0.2776002643359456,False,True
TSC2:G293R,TSC2,ESM2-150M,esm2,0.3809523809523809,-0.1272735664485055,0.5442390190193067,-0.2038386344822897,False,True
TSC2:N1563K,TSC2,ESM2-150M,esm2,0.4761904761904761,0.0698091647684135,0.9153473152347038,-0.0260920771540904,False,True
TSC2:G293R,TSC2,ESM2-650M,esm2,0.238095238095238,-0.2575855963586721,0.2331549070890606,-0.3057804825667701,False,True
CREBBP:R1340P,CREBBP,ESM-1v,esm1v,0.0,-0.2118491556081623,-0.014460577585756,-0.2337812198328743,False,False
CREBBP:S1686F,CREBBP,ESM-1v,esm1v,0.0,-0.6226325589393369,-0.4921417788586461,-0.6345282485646034,False,False
CREBBP:S1686F,CREBBP,ESM2-650M,esm2,0.0,-0.3669593608268555,-0.0361741329818917,-0.3973814386346458,False,False
CREBBP:S1686F,CREBBP,ProtT5,prottrans,0.0,-0.2614264020570752,-0.2348449021358009,-0.2625835986260414,False,False
GRIN2A:P78R,GRIN2A,ESM-1v,esm1v,0.0,-0.6613310022165069,-0.5850198746864287,-0.682241802214867,False,False
GRIN2A:P78R,GRIN2A,ESM2-650M,esm2,0.0,-0.1566667904889521,-0.0426689350864715,-0.1630013824697998,False,False
GRIN2A:P78R,GRIN2A,ProtT5,prottrans,0.0,-0.2744987730231273,-0.1388549989424465,-0.2877740000542498,False,False
TSC2:N1563K,TSC2,ESM-1v,esm1v,0.0,-0.4289205722295723,-0.300392553462061,-0.4432014632037404,False,False
TSC2:N1563K,TSC2,ProtT5,prottrans,0.0,-0.2578510240988864,-0.2365436219441105,-0.2584222098049084,False,False
